{"emailAddress":"hallojeroen@me.com","domain_url":"http://hallojeroen.nl","facebookLink":"","avatarURL":"https://media.licdn.com/mpr/mpr/shrinknp_400_400/p/2/005/052/1c1/1b59e08.jpg","fullName":"Jeroen F. de Jong","docroot":"/home/hallojeroen/public_html","path":"/usr/local/cpanel/etc/site_templates","twitterLink":"","template":"personal","aboutMe":"Always under construction... Contact me for info / portfolio","phoneNumber":"+31 6 2303 9149","physicalAddress":"Utrecht area - The Netherlands","google_analytics_key":"","tagLine":"Product Owner / UX coder","linkedinLink":"https://www.linkedin.com/in/jeroendejong/"}